from,to,change_magnitude,novelty_density
Rel-8,Rel-9,0.00016438961029052734,0.3000851571559906
