release,sentences,semantic_spread,redundancy_index,cluster_entropy
Rel-8,24989,0.813407573738002,0.8176880031824112,7.157361861970636
Rel-9,26226,0.8141187266678739,0.8180287778377533,7.192670539523096
