release,sentences,semantic_spread,redundancy_index,cluster_entropy
Rel-8,24989,0.813407573738002,0.8159690350294113,7.157361861970636
Rel-9,26226,0.8141187266678739,0.8162467032670975,7.192670539523096
