release,sentences,semantic_spread,redundancy_index,cluster_entropy
Rel-8,24989,0.813407573738002,0.8148545324802399,5.9260028206930055
Rel-9,26226,0.8141187266678739,0.8107379376888275,5.950338782166356
