{"_runtime":1.582972,"release/semantic_spread":0.8141187266678739,"release/cluster_entropy":5.950338782166356,"_step":9,"release/sentences":26226,"release/redundancy_index":0.8107379376888275,"delta/novelty_density":0.3000851571559906,"_timestamp":1.747351424578462e+09,"delta/change_magnitude":0.00016438961029052734,"_wandb":{"runtime":1}}