{"_step":9,"delta/change_magnitude":0.00016438961029052734,"release/semantic_spread":0.8141187266678739,"_runtime":92.628454,"_timestamp":1.747345063564959e+09,"release/redundancy_index":0.8162467032670975,"release/cluster_entropy":7.192670539523096,"release/sentences":26226,"delta/novelty_density":0.022438496351242065,"_wandb":{"runtime":92}}